month,station_name,station_latitude,station_longitude,weather_classifier,temp_category,sunshine_type
1918-01-31,BALTASOUND,60.759,-0.888,Drizzle,Cold,Partially Overcast
1918-02-28,BALTASOUND,60.759,-0.888,Mild Rain,Cool,Partially Overcast
1918-03-31,BALTASOUND,60.759,-0.888,Drizzle,Cool,Partially Overcast
1918-04-30,BALTASOUND,60.759,-0.888,Drizzle,Cool,Sunny
1918-05-31,BALTASOUND,60.759,-0.888,Dry,Cool,Sunny
1918-06-30,BALTASOUND,60.759,-0.888,Mild Rain,Cool,Sunny
1918-07-31,BALTASOUND,60.759,-0.888,Drizzle,Cool,Sunny
1918-08-31,BALTASOUND,60.759,-0.888,Mild Rain,Cool,Sunny
1918-09-30,BALTASOUND,60.759,-0.888,Mild Rain,Cool,Sunny
1918-10-31,BALTASOUND,60.759,-0.888,Mild Rain,Cool,Partially Overcast
1918-11-30,BALTASOUND,60.759,-0.888,Mild Rain,Cool,Partially Overcast
1918-12-31,BALTASOUND,60.759,-0.888,Mild Rain,Cool,Partially Overcast
1918-01-31,FORT AUGUSTUS,57.144,-4.677,Dry,Cold,Partially Overcast
1918-02-28,FORT AUGUSTUS,57.144,-4.677,Mild Rain,Cool,Partially Overcast
1918-03-31,FORT AUGUSTUS,57.144,-4.677,Mild Rain,Cool,Sunny
1918-04-30,FORT AUGUSTUS,57.144,-4.677,Mild Rain,Cool,Sunny
1918-05-31,FORT AUGUSTUS,57.144,-4.677,Mild Rain,Mild,Sunny
1918-06-30,FORT AUGUSTUS,57.144,-4.677,Mild Rain,Mild,Sunny
1918-07-31,FORT AUGUSTUS,57.144,-4.677,Mild Rain,Mild,Sunny
1918-08-31,FORT AUGUSTUS,57.144,-4.677,Mild Rain,Mild,Partially Overcast
1918-09-30,FORT AUGUSTUS,57.144,-4.677,Heavy Rain,Cool,
1918-10-31,FORT AUGUSTUS,57.144,-4.677,Heavy Rain,Cool,
1918-11-30,FORT AUGUSTUS,57.144,-4.677,Heavy Rain,Cool,
1918-12-31,FORT AUGUSTUS,57.144,-4.677,Heavy Rain,Cool,
1918-01-31,GORDON CASTLE,57.621,-3.09,Mild Rain,Cool,Partially Overcast
1918-02-28,GORDON CASTLE,57.621,-3.09,Drizzle,Cool,Partially Overcast
1918-03-31,GORDON CASTLE,57.621,-3.09,Drizzle,Cool,Partially Overcast
1918-04-30,GORDON CASTLE,57.621,-3.09,Drizzle,Cool,Sunny
1918-05-31,GORDON CASTLE,57.621,-3.09,Drizzle,Mild,Sunny
1918-06-30,GORDON CASTLE,57.621,-3.09,Drizzle,Mild,Sunny
1918-07-31,GORDON CASTLE,57.621,-3.09,Mild Rain,Mild,Sunny
1918-08-31,GORDON CASTLE,57.621,-3.09,Drizzle,Mild,Sunny
1918-09-30,GORDON CASTLE,57.621,-3.09,Mild Rain,Cool,Sunny
1918-10-31,GORDON CASTLE,57.621,-3.09,Drizzle,Cool,Partially Overcast
1918-11-30,GORDON CASTLE,57.621,-3.09,Drizzle,Cool,Partially Overcast
1918-12-31,GORDON CASTLE,57.621,-3.09,Drizzle,Cool,Partially Overcast
1918-01-31,BALMORAL,57.037,-3.22,Snowy,Cold,
1918-02-28,BALMORAL,57.037,-3.22,Drizzle,Cool,
1918-03-31,BALMORAL,57.037,-3.22,Snowy,Cool,
1918-04-30,BALMORAL,57.037,-3.22,Snowy,Cool,
1918-05-31,BALMORAL,57.037,-3.22,Drizzle,Cool,
1918-06-30,BALMORAL,57.037,-3.22,Dry,Mild,
1918-07-31,BALMORAL,57.037,-3.22,Mild Rain,Mild,
1918-08-31,BALMORAL,57.037,-3.22,Drizzle,Mild,
1918-09-30,BALMORAL,57.037,-3.22,Mild Rain,Cool,
1918-10-31,BALMORAL,57.037,-3.22,Mild Rain,Cool,
1918-11-30,BALMORAL,57.037,-3.22,Mild Rain,Cool,
1918-12-31,BALMORAL,57.037,-3.22,Snowy,Cold,
1918-01-31,ARBROATH,56.561,-2.573,Drizzle,Cold,Partially Overcast
1918-02-28,ARBROATH,56.561,-2.573,Drizzle,Cool,Partially Overcast
1918-03-31,ARBROATH,56.561,-2.573,Drizzle,Cool,Partially Overcast
1918-04-30,ARBROATH,56.561,-2.573,Dry,Cool,Sunny
1918-05-31,ARBROATH,56.561,-2.573,Mild Rain,Cool,Sunny
1918-06-30,ARBROATH,56.561,-2.573,Dry,Mild,Sunny
1918-07-31,ARBROATH,56.561,-2.573,Mild Rain,Mild,Sunny
1918-08-31,ARBROATH,56.561,-2.573,Drizzle,Mild,Sunny
1918-09-30,ARBROATH,56.561,-2.573,Drizzle,Cool,Sunny
1918-10-31,ARBROATH,56.561,-2.573,Drizzle,Cool,Partially Overcast
1918-11-30,ARBROATH,56.561,-2.573,Drizzle,Cool,Partially Overcast
1918-12-31,ARBROATH,56.561,-2.573,Drizzle,Cool,Partially Overcast
1918-01-31,MARCHMONT,55.728,-2.411,Drizzle,Cold,Partially Overcast
1918-02-28,MARCHMONT,55.728,-2.411,Drizzle,Cool,Partially Overcast
1918-03-31,MARCHMONT,55.728,-2.411,Drizzle,Cool,Partially Overcast
1918-04-30,MARCHMONT,55.728,-2.411,Dry,Cool,Sunny
1918-05-31,MARCHMONT,55.728,-2.411,Drizzle,Cool,Sunny
1918-06-30,MARCHMONT,55.728,-2.411,Dry,Mild,Sunny
1918-07-31,MARCHMONT,55.728,-2.411,Mild Rain,Mild,Sunny
1918-08-31,MARCHMONT,55.728,-2.411,Drizzle,Mild,Sunny
1918-09-30,MARCHMONT,55.728,-2.411,Mild Rain,Cool,Sunny
1918-10-31,MARCHMONT,55.728,-2.411,Mild Rain,Cool,Partially Overcast
1918-11-30,MARCHMONT,55.728,-2.411,Drizzle,Cool,Partially Overcast
1918-12-31,MARCHMONT,55.728,-2.411,Drizzle,Cool,Partially Overcast
1918-01-31,"MORPETH, COCKLE PARK",55.212,-1.685,Mild Rain,Cool,Partially Overcast
1918-02-28,"MORPETH, COCKLE PARK",55.212,-1.685,Drizzle,Cool,Partially Overcast
1918-03-31,"MORPETH, COCKLE PARK",55.212,-1.685,Dry,Cool,Sunny
1918-04-30,"MORPETH, COCKLE PARK",55.212,-1.685,Drizzle,Cool,Sunny
1918-05-31,"MORPETH, COCKLE PARK",55.212,-1.685,Mild Rain,Mild,Sunny
1918-06-30,"MORPETH, COCKLE PARK",55.212,-1.685,Dry,Mild,Sunny
1918-07-31,"MORPETH, COCKLE PARK",55.212,-1.685,Drizzle,Mild,Sunny
1918-08-31,"MORPETH, COCKLE PARK",55.212,-1.685,Drizzle,Mild,Sunny
1918-09-30,"MORPETH, COCKLE PARK",55.212,-1.685,Mild Rain,Cool,Sunny
1918-10-31,"MORPETH, COCKLE PARK",55.212,-1.685,Drizzle,Cool,Sunny
1918-11-30,"MORPETH, COCKLE PARK",55.212,-1.685,Dry,Cool,Partially Overcast
1918-12-31,"MORPETH, COCKLE PARK",55.212,-1.685,Drizzle,Cool,Partially Overcast
1918-01-31,DURHAM,54.768,-1.586,Drizzle,Cool,Partially Overcast
1918-02-28,DURHAM,54.768,-1.586,Drizzle,Cool,Partially Overcast
1918-03-31,DURHAM,54.768,-1.586,Dry,Cool,Partially Overcast
1918-04-30,DURHAM,54.768,-1.586,Drizzle,Cool,Sunny
1918-05-31,DURHAM,54.768,-1.586,Drizzle,Mild,Sunny
1918-06-30,DURHAM,54.768,-1.586,Dry,Mild,Sunny
1918-07-31,DURHAM,54.768,-1.586,Mild Rain,Mild,Sunny
1918-08-31,DURHAM,54.768,-1.586,Drizzle,Mild,Sunny
1918-09-30,DURHAM,54.768,-1.586,Mild Rain,Cool,Sunny
1918-10-31,DURHAM,54.768,-1.586,Drizzle,Cool,Partially Overcast
1918-11-30,DURHAM,54.768,-1.586,Dry,Cool,Partially Overcast
1918-12-31,DURHAM,54.768,-1.586,Drizzle,Cool,Partially Overcast
1918-01-31,HULL,53.756,-0.358,Drizzle,Cool,Partially Overcast
1918-02-28,HULL,53.756,-0.358,Drizzle,Cool,Partially Overcast
1918-03-31,HULL,53.756,-0.358,Dry,Cool,Partially Overcast
1918-04-30,HULL,53.756,-0.358,Drizzle,Cool,Partially Overcast
1918-05-31,HULL,53.756,-0.358,Drizzle,Mild,Sunny
1918-06-30,HULL,53.756,-0.358,Dry,Mild,Sunny
1918-07-31,HULL,53.756,-0.358,Mild Rain,Mild,Sunny
1918-08-31,HULL,53.756,-0.358,Drizzle,Mild,Sunny
1918-09-30,HULL,53.756,-0.358,Mild Rain,Mild,Sunny
1918-10-31,HULL,53.756,-0.358,Drizzle,Cool,Partially Overcast
1918-11-30,HULL,53.756,-0.358,Drizzle,Cool,Partially Overcast
1918-12-31,HULL,53.756,-0.358,Mild Rain,Cool,Partially Overcast
1918-01-31,SKEGNESS,53.148,0.346,Drizzle,Cool,Partially Overcast
1918-02-28,SKEGNESS,53.148,0.346,Drizzle,Cool,Partially Overcast
1918-03-31,SKEGNESS,53.148,0.346,Dry,Cool,Sunny
1918-04-30,SKEGNESS,53.148,0.346,Drizzle,Cool,Sunny
1918-05-31,SKEGNESS,53.148,0.346,Drizzle,Cool,Sunny
1918-06-30,SKEGNESS,53.148,0.346,Dry,Mild,Sunny
1918-07-31,SKEGNESS,53.148,0.346,Mild Rain,Mild,Sunny
1918-08-31,SKEGNESS,53.148,0.346,Drizzle,Mild,Sunny
1918-09-30,SKEGNESS,53.148,0.346,Mild Rain,Mild,Sunny
1918-10-31,SKEGNESS,53.148,0.346,Drizzle,Cool,Partially Overcast
1918-11-30,SKEGNESS,53.148,0.346,Drizzle,Cool,Partially Overcast
1918-12-31,SKEGNESS,53.148,0.346,Mild Rain,Cool,Partially Overcast
1918-01-31,CROMER,52.934,1.291,Drizzle,Cool,
1918-02-28,CROMER,52.934,1.291,Dry,Cool,
1918-03-31,CROMER,52.934,1.291,Dry,Cool,
1918-04-30,CROMER,52.934,1.291,Drizzle,Cool,
1918-05-31,CROMER,52.934,1.291,Dry,Mild,
1918-06-30,CROMER,52.934,1.291,Dry,Mild,
1918-07-31,CROMER,52.934,1.291,Mild Rain,Mild,
1918-08-31,CROMER,52.934,1.291,Drizzle,Mild,
1918-09-30,CROMER,52.934,1.291,Mild Rain,Mild,
1918-10-31,CROMER,52.934,1.291,Drizzle,Cool,
1918-11-30,CROMER,52.934,1.291,Drizzle,Cool,
1918-12-31,CROMER,52.934,1.291,Drizzle,Cool,
1918-01-31,"CAMBRIDGE, BOTANIC GARDEN",52.194,0.129,Drizzle,Cool,Partially Overcast
1918-02-28,"CAMBRIDGE, BOTANIC GARDEN",52.194,0.129,Dry,Cool,Partially Overcast
1918-03-31,"CAMBRIDGE, BOTANIC GARDEN",52.194,0.129,Dry,Cool,Sunny
1918-04-30,"CAMBRIDGE, BOTANIC GARDEN",52.194,0.129,Mild Rain,Cool,Sunny
1918-05-31,"CAMBRIDGE, BOTANIC GARDEN",52.194,0.129,Drizzle,Mild,Sunny
1918-06-30,"CAMBRIDGE, BOTANIC GARDEN",52.194,0.129,Dry,Mild,Sunny
1918-07-31,"CAMBRIDGE, BOTANIC GARDEN",52.194,0.129,Drizzle,Mild,Sunny
1918-08-31,"CAMBRIDGE, BOTANIC GARDEN",52.194,0.129,Dry,Mild,Sunny
1918-09-30,"CAMBRIDGE, BOTANIC GARDEN",52.194,0.129,Mild Rain,Mild,Sunny
1918-10-31,"CAMBRIDGE, BOTANIC GARDEN",52.194,0.129,Drizzle,Cool,Partially Overcast
1918-11-30,"CAMBRIDGE, BOTANIC GARDEN",52.194,0.129,Drizzle,Cool,Partially Overcast
1918-12-31,"CAMBRIDGE, BOTANIC GARDEN",52.194,0.129,Drizzle,Cool,Partially Overcast
1918-01-31,WOBURN,52.014,-0.596,Drizzle,Cool,
1918-02-28,WOBURN,52.014,-0.596,Dry,Cool,Partially Overcast
1918-03-31,WOBURN,52.014,-0.596,Dry,Cool,Sunny
1918-04-30,WOBURN,52.014,-0.596,Mild Rain,Cool,Sunny
1918-05-31,WOBURN,52.014,-0.596,Drizzle,Mild,Sunny
1918-06-30,WOBURN,52.014,-0.596,Dry,Mild,
1918-07-31,WOBURN,52.014,-0.596,Mild Rain,Mild,Sunny
1918-08-31,WOBURN,52.014,-0.596,Dry,Mild,Sunny
1918-09-30,WOBURN,52.014,-0.596,Mild Rain,Mild,Sunny
1918-10-31,WOBURN,52.014,-0.596,Drizzle,Cool,Partially Overcast
1918-11-30,WOBURN,52.014,-0.596,Drizzle,Cool,Partially Overcast
1918-12-31,WOBURN,52.014,-0.596,Drizzle,Cool,Partially Overcast
1918-01-31,ROTHAMSTED,51.807,-0.36,Drizzle,Cool,Partially Overcast
1918-02-28,ROTHAMSTED,51.807,-0.36,Dry,Cool,Sunny
1918-03-31,ROTHAMSTED,51.807,-0.36,Dry,Cool,Sunny
1918-04-30,ROTHAMSTED,51.807,-0.36,Mild Rain,Cool,Sunny
1918-05-31,ROTHAMSTED,51.807,-0.36,Drizzle,Mild,Sunny
1918-06-30,ROTHAMSTED,51.807,-0.36,Dry,Mild,Sunny
1918-07-31,ROTHAMSTED,51.807,-0.36,Mild Rain,Mild,Sunny
1918-08-31,ROTHAMSTED,51.807,-0.36,Dry,Mild,Sunny
1918-09-30,ROTHAMSTED,51.807,-0.36,Mild Rain,Mild,Sunny
1918-10-31,ROTHAMSTED,51.807,-0.36,Drizzle,Cool,Sunny
1918-11-30,ROTHAMSTED,51.807,-0.36,Drizzle,Cool,Sunny
1918-12-31,ROTHAMSTED,51.807,-0.36,Drizzle,Cool,Partially Overcast
1918-01-31,BRADFORD,53.814,-1.774,Drizzle,Cool,Partially Overcast
1918-02-28,BRADFORD,53.814,-1.774,Mild Rain,Cool,Partially Overcast
1918-03-31,BRADFORD,53.814,-1.774,Drizzle,Cool,Sunny
1918-04-30,BRADFORD,53.814,-1.774,Dry,Cool,Sunny
1918-05-31,BRADFORD,53.814,-1.774,Mild Rain,Mild,Sunny
1918-06-30,BRADFORD,53.814,-1.774,Drizzle,Mild,Sunny
1918-07-31,BRADFORD,53.814,-1.774,Mild Rain,Mild,Sunny
1918-08-31,BRADFORD,53.814,-1.774,Drizzle,Mild,Sunny
1918-09-30,BRADFORD,53.814,-1.774,Mild Rain,Cool,Sunny
1918-10-31,BRADFORD,53.814,-1.774,Drizzle,Cool,Partially Overcast
1918-11-30,BRADFORD,53.814,-1.774,Drizzle,Cool,Partially Overcast
1918-12-31,BRADFORD,53.814,-1.774,Mild Rain,Cool,Partially Overcast
1918-01-31,SHEFFIELD,53.381,-1.491,Drizzle,Cool,Partially Overcast
1918-02-28,SHEFFIELD,53.381,-1.491,Mild Rain,Cool,Partially Overcast
1918-03-31,SHEFFIELD,53.381,-1.491,Drizzle,Cool,Partially Overcast
1918-04-30,SHEFFIELD,53.381,-1.491,Drizzle,Cool,Sunny
1918-05-31,SHEFFIELD,53.381,-1.491,Drizzle,Mild,Sunny
1918-06-30,SHEFFIELD,53.381,-1.491,Dry,Mild,Sunny
1918-07-31,SHEFFIELD,53.381,-1.491,Mild Rain,Mild,
1918-08-31,SHEFFIELD,53.381,-1.491,Drizzle,,
1918-09-30,SHEFFIELD,53.381,-1.491,Mild Rain,,
1918-10-31,SHEFFIELD,53.381,-1.491,Drizzle,,
1918-11-30,SHEFFIELD,53.381,-1.491,Drizzle,,
1918-12-31,SHEFFIELD,53.381,-1.491,Mild Rain,,
1918-01-31,MALVERN,52.113,-2.308,Drizzle,Cool,Partially Overcast
1918-02-28,MALVERN,52.113,-2.308,Drizzle,Cool,Partially Overcast
1918-03-31,MALVERN,52.113,-2.308,Drizzle,Cool,Sunny
1918-04-30,MALVERN,52.113,-2.308,Mild Rain,Cool,Sunny
1918-05-31,MALVERN,52.113,-2.308,Drizzle,Mild,Sunny
1918-06-30,MALVERN,52.113,-2.308,Dry,Mild,Sunny
1918-07-31,MALVERN,52.113,-2.308,Drizzle,Mild,Sunny
1918-08-31,MALVERN,52.113,-2.308,Drizzle,Mild,Sunny
1918-09-30,MALVERN,52.113,-2.308,Mild Rain,Mild,Sunny
1918-10-31,MALVERN,52.113,-2.308,Drizzle,Cool,Partially Overcast
1918-11-30,MALVERN,52.113,-2.308,Drizzle,Cool,Sunny
1918-12-31,MALVERN,52.113,-2.308,Drizzle,Cool,Partially Overcast
1918-01-31,ROSS-ON-WYE,51.911,-2.586,Drizzle,Cool,Partially Overcast
1918-02-28,ROSS-ON-WYE,51.911,-2.586,Dry,Cool,Partially Overcast
1918-03-31,ROSS-ON-WYE,51.911,-2.586,Drizzle,Cool,Sunny
1918-04-30,ROSS-ON-WYE,51.911,-2.586,Drizzle,Cool,Sunny
1918-05-31,ROSS-ON-WYE,51.911,-2.586,Drizzle,Mild,Sunny
1918-06-30,ROSS-ON-WYE,51.911,-2.586,Dry,Mild,Sunny
1918-07-31,ROSS-ON-WYE,51.911,-2.586,Drizzle,Mild,Sunny
1918-08-31,ROSS-ON-WYE,51.911,-2.586,Drizzle,Mild,Sunny
1918-09-30,ROSS-ON-WYE,51.911,-2.586,Mild Rain,Mild,Sunny
1918-10-31,ROSS-ON-WYE,51.911,-2.586,Dry,Cool,Partially Overcast
1918-11-30,ROSS-ON-WYE,51.911,-2.586,Drizzle,Cool,Partially Overcast
1918-12-31,ROSS-ON-WYE,51.911,-2.586,Drizzle,Cool,Partially Overcast
1918-01-31,CHELTENHAM,51.895,-2.08,Dry,,
1918-02-28,CHELTENHAM,51.895,-2.08,Dry,Cool,Partially Overcast
1918-03-31,CHELTENHAM,51.895,-2.08,Dry,Cool,Sunny
1918-04-30,CHELTENHAM,51.895,-2.08,Drizzle,Cool,Sunny
1918-05-31,CHELTENHAM,51.895,-2.08,Drizzle,Mild,Sunny
1918-06-30,CHELTENHAM,51.895,-2.08,Dry,Mild,Sunny
1918-07-31,CHELTENHAM,51.895,-2.08,Drizzle,Mild,Sunny
1918-08-31,CHELTENHAM,51.895,-2.08,Dry,Mild,Sunny
1918-09-30,CHELTENHAM,51.895,-2.08,Mild Rain,Mild,Sunny
1918-10-31,CHELTENHAM,51.895,-2.08,Dry,Cool,Partially Overcast
1918-11-30,CHELTENHAM,51.895,-2.08,Mild Rain,Cool,Sunny
1918-12-31,CHELTENHAM,51.895,-2.08,Drizzle,Cool,Partially Overcast
1918-01-31,HAMPSTEAD,51.561,-0.18,Drizzle,Cool,Partially Overcast
1918-02-28,HAMPSTEAD,51.561,-0.18,Dry,Cool,Partially Overcast
1918-03-31,HAMPSTEAD,51.561,-0.18,Dry,Cool,Sunny
1918-04-30,HAMPSTEAD,51.561,-0.18,Mild Rain,Cool,Sunny
1918-05-31,HAMPSTEAD,51.561,-0.18,Drizzle,Mild,Sunny
1918-06-30,HAMPSTEAD,51.561,-0.18,Dry,Mild,Sunny
1918-07-31,HAMPSTEAD,51.561,-0.18,Mild Rain,Mild,Sunny
1918-08-31,HAMPSTEAD,51.561,-0.18,Drizzle,Mild,Sunny
1918-09-30,HAMPSTEAD,51.561,-0.18,Mild Rain,Mild,Sunny
1918-10-31,HAMPSTEAD,51.561,-0.18,Dry,Cool,
1918-11-30,HAMPSTEAD,51.561,-0.18,Drizzle,,
1918-12-31,HAMPSTEAD,51.561,-0.18,Drizzle,,
1918-01-31,"LONDON, ST JAMES'S PARK",51.505,-0.131,Drizzle,Cool,Partially Overcast
1918-02-28,"LONDON, ST JAMES'S PARK",51.505,-0.131,Dry,Cool,Partially Overcast
1918-03-31,"LONDON, ST JAMES'S PARK",51.505,-0.131,Dry,Cool,Sunny
1918-04-30,"LONDON, ST JAMES'S PARK",51.505,-0.131,Mild Rain,Cool,Partially Overcast
1918-05-31,"LONDON, ST JAMES'S PARK",51.505,-0.131,Drizzle,Mild,Sunny
1918-06-30,"LONDON, ST JAMES'S PARK",51.505,-0.131,Dry,Mild,Sunny
1918-07-31,"LONDON, ST JAMES'S PARK",51.505,-0.131,Mild Rain,Mild,Sunny
1918-08-31,"LONDON, ST JAMES'S PARK",51.505,-0.131,Drizzle,Mild,Sunny
1918-09-30,"LONDON, ST JAMES'S PARK",51.505,-0.131,Mild Rain,Mild,Sunny
1918-10-31,"LONDON, ST JAMES'S PARK",51.505,-0.131,Drizzle,Cool,Partially Overcast
1918-11-30,"LONDON, ST JAMES'S PARK",51.505,-0.131,Drizzle,Cool,Partially Overcast
1918-12-31,"LONDON, ST JAMES'S PARK",51.505,-0.131,Drizzle,Cool,Partially Overcast
1918-01-31,WISLEY,51.311,-0.476,Mild Rain,Cool,Partially Overcast
1918-02-28,WISLEY,51.311,-0.476,Dry,Cool,Partially Overcast
1918-03-31,WISLEY,51.311,-0.476,Dry,Cool,Sunny
1918-04-30,WISLEY,51.311,-0.476,Mild Rain,Cool,Sunny
1918-05-31,WISLEY,51.311,-0.476,Drizzle,Mild,Sunny
1918-06-30,WISLEY,51.311,-0.476,Drizzle,Mild,Sunny
1918-07-31,WISLEY,51.311,-0.476,Mild Rain,Mild,Sunny
1918-08-31,WISLEY,51.311,-0.476,Dry,Mild,Sunny
1918-09-30,WISLEY,51.311,-0.476,Mild Rain,Mild,Sunny
1918-10-31,WISLEY,51.311,-0.476,Dry,Cool,Sunny
1918-11-30,WISLEY,51.311,-0.476,Drizzle,Cool,Partially Overcast
1918-12-31,WISLEY,51.311,-0.476,Drizzle,Cool,Partially Overcast
1918-01-31,DOVER,51.121,1.314,Mild Rain,Cool,
1918-02-28,DOVER,51.121,1.314,Dry,Cool,
1918-03-31,DOVER,51.121,1.314,Drizzle,Cool,
1918-04-30,DOVER,51.121,1.314,Drizzle,Cool,
1918-05-31,DOVER,51.121,1.314,Drizzle,Mild,
1918-06-30,DOVER,51.121,1.314,Dry,Mild,Sunny
1918-07-31,DOVER,51.121,1.314,Mild Rain,Mild,Sunny
1918-08-31,DOVER,51.121,1.314,Dry,Mild,Sunny
1918-09-30,DOVER,51.121,1.314,Mild Rain,Mild,Sunny
1918-10-31,DOVER,51.121,1.314,Drizzle,Cool,Partially Overcast
1918-11-30,DOVER,51.121,1.314,Drizzle,Cool,Partially Overcast
1918-12-31,DOVER,51.121,1.314,Drizzle,Cool,Partially Overcast
1918-01-31,MARGATE,51.392,1.402,Drizzle,Cool,Partially Overcast
1918-02-28,MARGATE,51.392,1.402,Dry,Cool,Sunny
1918-03-31,MARGATE,51.392,1.402,Dry,Cool,Sunny
1918-04-30,MARGATE,51.392,1.402,Dry,Cool,Sunny
1918-05-31,MARGATE,51.392,1.402,Dry,Mild,Sunny
1918-06-30,MARGATE,51.392,1.402,Dry,Mild,Sunny
1918-07-31,MARGATE,51.392,1.402,Drizzle,Mild,Sunny
1918-08-31,MARGATE,51.392,1.402,Dry,Mild,Sunny
1918-09-30,MARGATE,51.392,1.402,Drizzle,Mild,Sunny
1918-10-31,MARGATE,51.392,1.402,Drizzle,Cool,Sunny
1918-11-30,MARGATE,51.392,1.402,Drizzle,Cool,Partially Overcast
1918-12-31,MARGATE,51.392,1.402,Drizzle,Cool,Partially Overcast
1918-01-31,BOGNOR REGIS,50.782,-0.677,Mild Rain,Cool,Partially Overcast
1918-02-28,BOGNOR REGIS,50.782,-0.677,Dry,Cool,Partially Overcast
1918-03-31,BOGNOR REGIS,50.782,-0.677,Dry,Cool,Sunny
1918-04-30,BOGNOR REGIS,50.782,-0.677,Drizzle,Cool,Sunny
1918-05-31,BOGNOR REGIS,50.782,-0.677,Drizzle,Mild,Sunny
1918-06-30,BOGNOR REGIS,50.782,-0.677,Dry,Mild,Sunny
1918-07-31,BOGNOR REGIS,50.782,-0.677,Drizzle,Mild,Sunny
1918-08-31,BOGNOR REGIS,50.782,-0.677,Drizzle,Mild,Sunny
1918-09-30,BOGNOR REGIS,50.782,-0.677,Mild Rain,Mild,Sunny
1918-10-31,BOGNOR REGIS,50.782,-0.677,Dry,Cool,Sunny
1918-11-30,BOGNOR REGIS,50.782,-0.677,Drizzle,Cool,Partially Overcast
1918-12-31,BOGNOR REGIS,50.782,-0.677,Drizzle,Cool,Partially Overcast
1918-01-31,EASTBOURNE,50.759,0.283,Mild Rain,Cool,Partially Overcast
1918-02-28,EASTBOURNE,50.759,0.283,Drizzle,Cool,Partially Overcast
1918-03-31,EASTBOURNE,50.759,0.283,Dry,Cool,Sunny
1918-04-30,EASTBOURNE,50.759,0.283,Drizzle,Cool,Sunny
1918-05-31,EASTBOURNE,50.759,0.283,Drizzle,Mild,Sunny
1918-06-30,EASTBOURNE,50.759,0.283,Dry,Mild,Sunny
1918-07-31,EASTBOURNE,50.759,0.283,Mild Rain,Mild,Sunny
1918-08-31,EASTBOURNE,50.759,0.283,Drizzle,Mild,Sunny
1918-09-30,EASTBOURNE,50.759,0.283,Mild Rain,Mild,Sunny
1918-10-31,EASTBOURNE,50.759,0.283,Drizzle,Cool,Partially Overcast
1918-11-30,EASTBOURNE,50.759,0.283,Drizzle,Cool,Partially Overcast
1918-12-31,EASTBOURNE,50.759,0.283,Drizzle,Cool,Partially Overcast
1918-01-31,BOURNEMOUTH,50.727,-1.885,Drizzle,,Sunny
1918-02-28,BOURNEMOUTH,50.727,-1.885,Drizzle,,Sunny
1918-03-31,BOURNEMOUTH,50.727,-1.885,Drizzle,,Sunny
1918-04-30,BOURNEMOUTH,50.727,-1.885,Mild Rain,,Sunny
1918-05-31,BOURNEMOUTH,50.727,-1.885,Mild Rain,,Sunny
1918-06-30,BOURNEMOUTH,50.727,-1.885,Drizzle,,Partially Overcast
1918-07-31,BOURNEMOUTH,50.727,-1.885,Drizzle,,Partially Overcast
1918-08-31,BOURNEMOUTH,50.727,-1.885,Mild Rain,,Partially Overcast
1918-09-30,BOURNEMOUTH,50.727,-1.885,Mild Rain,,Partially Overcast
1918-10-31,BOURNEMOUTH,50.727,-1.885,Mild Rain,,Partially Overcast
1918-11-30,BOURNEMOUTH,50.727,-1.885,Mild Rain,,Sunny
1918-12-31,BOURNEMOUTH,50.727,-1.885,Drizzle,,Sunny
1918-01-31,"SOUTHAMPTON, EAST PARK",50.905,-1.405,Mild Rain,Cool,Partially Overcast
1918-02-28,"SOUTHAMPTON, EAST PARK",50.905,-1.405,Drizzle,Cool,Partially Overcast
1918-03-31,"SOUTHAMPTON, EAST PARK",50.905,-1.405,Dry,Cool,Sunny
1918-04-30,"SOUTHAMPTON, EAST PARK",50.905,-1.405,Drizzle,Cool,Sunny
1918-05-31,"SOUTHAMPTON, EAST PARK",50.905,-1.405,Drizzle,Mild,Sunny
1918-06-30,"SOUTHAMPTON, EAST PARK",50.905,-1.405,Dry,Mild,Sunny
1918-07-31,"SOUTHAMPTON, EAST PARK",50.905,-1.405,Mild Rain,Mild,Sunny
1918-08-31,"SOUTHAMPTON, EAST PARK",50.905,-1.405,Drizzle,Mild,Sunny
1918-09-30,"SOUTHAMPTON, EAST PARK",50.905,-1.405,Mild Rain,Mild,Sunny
1918-10-31,"SOUTHAMPTON, EAST PARK",50.905,-1.405,Drizzle,Cool,Partially Overcast
1918-11-30,"SOUTHAMPTON, EAST PARK",50.905,-1.405,Mild Rain,Cool,Partially Overcast
1918-12-31,"SOUTHAMPTON, EAST PARK",50.905,-1.405,Drizzle,Cool,Partially Overcast
1918-01-31,PAISLEY,55.845,-4.431,Mild Rain,Cool,Partially Overcast
1918-02-28,PAISLEY,55.845,-4.431,Mild Rain,Cool,Partially Overcast
1918-03-31,PAISLEY,55.845,-4.431,Drizzle,Cool,Partially Overcast
1918-04-30,PAISLEY,55.845,-4.431,Dry,Cool,Sunny
1918-05-31,PAISLEY,55.845,-4.431,Drizzle,Mild,Sunny
1918-06-30,PAISLEY,55.845,-4.431,Dry,Mild,Sunny
1918-07-31,PAISLEY,55.845,-4.431,Mild Rain,Mild,Sunny
1918-08-31,PAISLEY,55.845,-4.431,Drizzle,Mild,Sunny
1918-09-30,PAISLEY,55.845,-4.431,Mild Rain,Cool,Sunny
1918-10-31,PAISLEY,55.845,-4.431,Mild Rain,Cool,Partially Overcast
1918-11-30,PAISLEY,55.845,-4.431,Mild Rain,Cool,Partially Overcast
1918-12-31,PAISLEY,55.845,-4.431,Mild Rain,Cool,Partially Overcast
1918-01-31,ESKDALEMUIR,55.312,-3.207,,Cold,Partially Overcast
1918-02-28,ESKDALEMUIR,55.312,-3.207,,Cool,Partially Overcast
1918-03-31,ESKDALEMUIR,55.312,-3.207,,Cool,Partially Overcast
1918-04-30,ESKDALEMUIR,55.312,-3.207,,Cool,Sunny
1918-05-31,ESKDALEMUIR,55.312,-3.207,,Cool,Sunny
1918-06-30,ESKDALEMUIR,55.312,-3.207,,Mild,Sunny
1918-07-31,ESKDALEMUIR,55.312,-3.207,,Mild,Sunny
1918-08-31,ESKDALEMUIR,55.312,-3.207,,Mild,Sunny
1918-09-30,ESKDALEMUIR,55.312,-3.207,,Cool,Sunny
1918-10-31,ESKDALEMUIR,55.312,-3.207,,Cool,Partially Overcast
1918-11-30,ESKDALEMUIR,55.312,-3.207,,Cool,Partially Overcast
1918-12-31,ESKDALEMUIR,55.312,-3.207,,Cool,Partially Overcast
1918-01-31,NEWTON RIGG,54.67,-2.788,Mild Rain,Cool,Partially Overcast
1918-02-28,NEWTON RIGG,54.67,-2.788,Mild Rain,Cool,Partially Overcast
1918-03-31,NEWTON RIGG,54.67,-2.788,Drizzle,Cool,Sunny
1918-04-30,NEWTON RIGG,54.67,-2.788,Drizzle,Cool,Sunny
1918-05-31,NEWTON RIGG,54.67,-2.788,Mild Rain,Mild,Sunny
1918-06-30,NEWTON RIGG,54.67,-2.788,Drizzle,Mild,Sunny
1918-07-31,NEWTON RIGG,54.67,-2.788,Mild Rain,Mild,Sunny
1918-08-31,NEWTON RIGG,54.67,-2.788,Mild Rain,Mild,Sunny
1918-09-30,NEWTON RIGG,54.67,-2.788,Heavy Rain,Cool,Sunny
1918-10-31,NEWTON RIGG,54.67,-2.788,Mild Rain,Cool,Partially Overcast
1918-11-30,NEWTON RIGG,54.67,-2.788,Mild Rain,Cool,Partially Overcast
1918-12-31,NEWTON RIGG,54.67,-2.788,Mild Rain,Cool,Partially Overcast
1918-01-31,BOLTON,53.6,-2.419,Dry,Cool,Partially Overcast
1918-02-28,BOLTON,53.6,-2.419,Dry,Cool,Partially Overcast
1918-03-31,BOLTON,53.6,-2.419,Dry,Cool,Sunny
1918-04-30,BOLTON,53.6,-2.419,Dry,Cool,Sunny
1918-05-31,BOLTON,53.6,-2.419,Dry,Mild,Sunny
1918-06-30,BOLTON,53.6,-2.419,Dry,Mild,Sunny
1918-07-31,BOLTON,53.6,-2.419,Dry,Mild,Sunny
1918-08-31,BOLTON,53.6,-2.419,Dry,Mild,Sunny
1918-09-30,BOLTON,53.6,-2.419,Dry,Cool,Sunny
1918-10-31,BOLTON,53.6,-2.419,Dry,Cool,Sunny
1918-11-30,BOLTON,53.6,-2.419,Dry,Cool,Partially Overcast
1918-12-31,BOLTON,53.6,-2.419,Dry,Cool,Partially Overcast
1918-01-31,STONYHURST,53.845,-2.47,Mild Rain,Cool,Partially Overcast
1918-02-28,STONYHURST,53.845,-2.47,Mild Rain,Cool,Partially Overcast
1918-03-31,STONYHURST,53.845,-2.47,Drizzle,Cool,Sunny
1918-04-30,STONYHURST,53.845,-2.47,Drizzle,Cool,Sunny
1918-05-31,STONYHURST,53.845,-2.47,Drizzle,Mild,Sunny
1918-06-30,STONYHURST,53.845,-2.47,Drizzle,Mild,Sunny
1918-07-31,STONYHURST,53.845,-2.47,Mild Rain,Mild,Sunny
1918-08-31,STONYHURST,53.845,-2.47,Mild Rain,Mild,Sunny
1918-09-30,STONYHURST,53.845,-2.47,Heavy Rain,Cool,Sunny
1918-10-31,STONYHURST,53.845,-2.47,Mild Rain,Cool,Partially Overcast
1918-11-30,STONYHURST,53.845,-2.47,Mild Rain,Cool,Partially Overcast
1918-12-31,STONYHURST,53.845,-2.47,Heavy Rain,Cool,Partially Overcast
1918-01-31,RHYL,53.314,-3.501,,Cool,Partially Overcast
1918-02-28,RHYL,53.314,-3.501,,Cool,Partially Overcast
1918-03-31,RHYL,53.314,-3.501,,Cool,Sunny
1918-04-30,RHYL,53.314,-3.501,,Cool,Sunny
1918-05-31,RHYL,53.314,-3.501,,Mild,Sunny
1918-06-30,RHYL,53.314,-3.501,,Mild,
1918-07-31,RHYL,53.314,-3.501,,Mild,Sunny
1918-08-31,RHYL,53.314,-3.501,,Mild,Sunny
1918-09-30,RHYL,53.314,-3.501,,Mild,Sunny
1918-10-31,RHYL,53.314,-3.501,,Cool,Sunny
1918-11-30,RHYL,53.314,-3.501,,Cool,Sunny
1918-12-31,RHYL,53.314,-3.501,,Cool,Partially Overcast
1918-01-31,"SWANSEA, VICTORIA PARK",51.612,-3.962,Dry,Cool,Partially Overcast
1918-02-28,"SWANSEA, VICTORIA PARK",51.612,-3.962,Mild Rain,Cool,Partially Overcast
1918-03-31,"SWANSEA, VICTORIA PARK",51.612,-3.962,Drizzle,Cool,Sunny
1918-04-30,"SWANSEA, VICTORIA PARK",51.612,-3.962,Mild Rain,Cool,Sunny
1918-05-31,"SWANSEA, VICTORIA PARK",51.612,-3.962,Drizzle,Mild,Sunny
1918-06-30,"SWANSEA, VICTORIA PARK",51.612,-3.962,Drizzle,Mild,Sunny
1918-07-31,"SWANSEA, VICTORIA PARK",51.612,-3.962,Mild Rain,Mild,Sunny
1918-08-31,"SWANSEA, VICTORIA PARK",51.612,-3.962,Mild Rain,Mild,Sunny
1918-09-30,"SWANSEA, VICTORIA PARK",51.612,-3.962,Heavy Rain,Mild,Sunny
1918-10-31,"SWANSEA, VICTORIA PARK",51.612,-3.962,Mild Rain,Cool,Partially Overcast
1918-11-30,"SWANSEA, VICTORIA PARK",51.612,-3.962,Mild Rain,Cool,Partially Overcast
1918-12-31,"SWANSEA, VICTORIA PARK",51.612,-3.962,Mild Rain,Cool,Partially Overcast
1918-01-31,CARDIFF,51.507,-3.161,Mild Rain,Cool,Partially Overcast
1918-02-28,CARDIFF,51.507,-3.161,Mild Rain,Cool,Partially Overcast
1918-03-31,CARDIFF,51.507,-3.161,Drizzle,Cool,Sunny
1918-04-30,CARDIFF,51.507,-3.161,Drizzle,Cool,Sunny
1918-05-31,CARDIFF,51.507,-3.161,Drizzle,Mild,Sunny
1918-06-30,CARDIFF,51.507,-3.161,Drizzle,Mild,Sunny
1918-07-31,CARDIFF,51.507,-3.161,Mild Rain,Mild,Sunny
1918-08-31,CARDIFF,51.507,-3.161,Mild Rain,Mild,Sunny
1918-09-30,CARDIFF,51.507,-3.161,Heavy Rain,Mild,Sunny
1918-10-31,CARDIFF,51.507,-3.161,Drizzle,Cool,Partially Overcast
1918-11-30,CARDIFF,51.507,-3.161,Mild Rain,Cool,Partially Overcast
1918-12-31,CARDIFF,51.507,-3.161,Mild Rain,Cool,Partially Overcast
1918-01-31,BATH,51.386,-2.355,Mild Rain,Cool,
1918-02-28,BATH,51.386,-2.355,Drizzle,Cool,
1918-03-31,BATH,51.386,-2.355,Dry,Cool,
1918-04-30,BATH,51.386,-2.355,Drizzle,Cool,
1918-05-31,BATH,51.386,-2.355,Drizzle,Mild,
1918-06-30,BATH,51.386,-2.355,Dry,Mild,
1918-07-31,BATH,51.386,-2.355,Mild Rain,Mild,
1918-08-31,BATH,51.386,-2.355,Drizzle,Mild,
1918-09-30,BATH,51.386,-2.355,Mild Rain,Mild,
1918-10-31,BATH,51.386,-2.355,Drizzle,Cool,
1918-11-30,BATH,51.386,-2.355,Drizzle,Cool,
1918-12-31,BATH,51.386,-2.355,Mild Rain,Cool,
1918-01-31,TEIGNMOUTH,50.545,-3.495,Mild Rain,Cool,Sunny
1918-02-28,TEIGNMOUTH,50.545,-3.495,Drizzle,Cool,Partially Overcast
1918-03-31,TEIGNMOUTH,50.545,-3.495,Drizzle,Cool,Sunny
1918-04-30,TEIGNMOUTH,50.545,-3.495,Drizzle,Cool,Sunny
1918-05-31,TEIGNMOUTH,50.545,-3.495,Drizzle,Mild,Sunny
1918-06-30,TEIGNMOUTH,50.545,-3.495,Dry,Mild,Sunny
1918-07-31,TEIGNMOUTH,50.545,-3.495,Mild Rain,Mild,Sunny
1918-08-31,TEIGNMOUTH,50.545,-3.495,Drizzle,Mild,Sunny
1918-09-30,TEIGNMOUTH,50.545,-3.495,Mild Rain,Mild,Sunny
1918-10-31,TEIGNMOUTH,50.545,-3.495,Drizzle,Cool,Sunny
1918-11-30,TEIGNMOUTH,50.545,-3.495,Drizzle,Cool,Sunny
1918-12-31,TEIGNMOUTH,50.545,-3.495,Mild Rain,Cool,Partially Overcast
1918-01-31,"PENZANCE, PENLEE GARDENS",50.118,-5.543,Mild Rain,Cool,Sunny
1918-02-28,"PENZANCE, PENLEE GARDENS",50.118,-5.543,Drizzle,Cool,Partially Overcast
1918-03-31,"PENZANCE, PENLEE GARDENS",50.118,-5.543,Drizzle,Cool,Sunny
1918-04-30,"PENZANCE, PENLEE GARDENS",50.118,-5.543,Drizzle,Cool,Sunny
1918-05-31,"PENZANCE, PENLEE GARDENS",50.118,-5.543,Drizzle,Mild,Sunny
1918-06-30,"PENZANCE, PENLEE GARDENS",50.118,-5.543,Dry,Mild,Sunny
1918-07-31,"PENZANCE, PENLEE GARDENS",50.118,-5.543,Mild Rain,Mild,Sunny
1918-08-31,"PENZANCE, PENLEE GARDENS",50.118,-5.543,Drizzle,Mild,Sunny
1918-09-30,"PENZANCE, PENLEE GARDENS",50.118,-5.543,Mild Rain,Mild,Sunny
1918-10-31,"PENZANCE, PENLEE GARDENS",50.118,-5.543,Drizzle,Cool,Sunny
1918-11-30,"PENZANCE, PENLEE GARDENS",50.118,-5.543,Mild Rain,Cool,Sunny
1918-12-31,"PENZANCE, PENLEE GARDENS",50.118,-5.543,Mild Rain,Cool,Partially Overcast
1918-01-31,FALMOUTH,50.152,-5.078,Heavy Rain,Cool,Partially Overcast
1918-02-28,FALMOUTH,50.152,-5.078,Mild Rain,Cool,Partially Overcast
1918-03-31,FALMOUTH,50.152,-5.078,Mild Rain,Cool,Sunny
1918-04-30,FALMOUTH,50.152,-5.078,Mild Rain,Cool,Sunny
1918-05-31,FALMOUTH,50.152,-5.078,Drizzle,Mild,Sunny
1918-06-30,FALMOUTH,50.152,-5.078,Drizzle,Mild,Sunny
1918-07-31,FALMOUTH,50.152,-5.078,Mild Rain,Mild,Sunny
1918-08-31,FALMOUTH,50.152,-5.078,Mild Rain,Mild,Sunny
1918-09-30,FALMOUTH,50.152,-5.078,Heavy Rain,Mild,Sunny
1918-10-31,FALMOUTH,50.152,-5.078,Mild Rain,Cool,Sunny
1918-11-30,FALMOUTH,50.152,-5.078,Mild Rain,Cool,Partially Overcast
1918-12-31,FALMOUTH,50.152,-5.078,Heavy Rain,Cool,Partially Overcast
1918-01-31,BUDE,50.829,-4.546,Mild Rain,Cold,
1918-02-28,BUDE,50.829,-4.546,Drizzle,,
1918-03-31,BUDE,50.829,-4.546,Drizzle,,
1918-04-30,BUDE,50.829,-4.546,Drizzle,,
1918-05-31,BUDE,50.829,-4.546,Drizzle,,
1918-06-30,BUDE,50.829,-4.546,Drizzle,,
1918-07-31,BUDE,50.829,-4.546,Mild Rain,,
1918-08-31,BUDE,50.829,-4.546,Drizzle,,
1918-09-30,BUDE,50.829,-4.546,Mild Rain,,
1918-10-31,BUDE,50.829,-4.546,Drizzle,,
1918-11-30,BUDE,50.829,-4.546,Mild Rain,,
1918-12-31,BUDE,50.829,-4.546,Mild Rain,,
1918-01-31,"COVENTRY, CITY HOSPITAL",52.414,-1.506,Drizzle,Cool,Partially Overcast
1918-02-28,"COVENTRY, CITY HOSPITAL",52.414,-1.506,Drizzle,Cool,Partially Overcast
1918-03-31,"COVENTRY, CITY HOSPITAL",52.414,-1.506,Dry,Cool,Sunny
1918-04-30,"COVENTRY, CITY HOSPITAL",52.414,-1.506,Drizzle,Cool,Sunny
1918-05-31,"COVENTRY, CITY HOSPITAL",52.414,-1.506,Drizzle,Mild,Sunny
1918-06-30,"COVENTRY, CITY HOSPITAL",52.414,-1.506,Dry,Mild,Sunny
1918-07-31,"COVENTRY, CITY HOSPITAL",52.414,-1.506,Mild Rain,Mild,Sunny
1918-08-31,"COVENTRY, CITY HOSPITAL",52.414,-1.506,Drizzle,Mild,Sunny
1918-09-30,"COVENTRY, CITY HOSPITAL",52.414,-1.506,Mild Rain,Mild,Sunny
1918-10-31,"COVENTRY, CITY HOSPITAL",52.414,-1.506,Drizzle,Cool,Partially Overcast
1918-11-30,"COVENTRY, CITY HOSPITAL",52.414,-1.506,Drizzle,Cool,Partially Overcast
1918-12-31,"COVENTRY, CITY HOSPITAL",52.414,-1.506,Drizzle,Cool,Partially Overcast
1918-01-31,"ROSS-ON-WYE, CRAIG",51.917,-2.584,Drizzle,Cool,Partially Overcast
1918-02-28,"ROSS-ON-WYE, CRAIG",51.917,-2.584,Dry,Cool,Partially Overcast
1918-03-31,"ROSS-ON-WYE, CRAIG",51.917,-2.584,Drizzle,Cool,Sunny
1918-04-30,"ROSS-ON-WYE, CRAIG",51.917,-2.584,Drizzle,Cool,Sunny
1918-05-31,"ROSS-ON-WYE, CRAIG",51.917,-2.584,Drizzle,Mild,Sunny
1918-06-30,"ROSS-ON-WYE, CRAIG",51.917,-2.584,Dry,Mild,Sunny
1918-07-31,"ROSS-ON-WYE, CRAIG",51.917,-2.584,Drizzle,Mild,Sunny
1918-08-31,"ROSS-ON-WYE, CRAIG",51.917,-2.584,Drizzle,Mild,Sunny
1918-09-30,"ROSS-ON-WYE, CRAIG",51.917,-2.584,Mild Rain,Mild,Sunny
1918-10-31,"ROSS-ON-WYE, CRAIG",51.917,-2.584,Dry,Cool,Partially Overcast
1918-11-30,"ROSS-ON-WYE, CRAIG",51.917,-2.584,Drizzle,Cool,Partially Overcast
1918-12-31,"ROSS-ON-WYE, CRAIG",51.917,-2.584,Drizzle,Cool,Partially Overcast
1918-01-31,"ABERYSTWYTH, CORPORATION YARD",52.412,-4.083,,Cool,Partially Overcast
1918-02-28,"ABERYSTWYTH, CORPORATION YARD",52.412,-4.083,,Cool,Partially Overcast
1918-03-31,"ABERYSTWYTH, CORPORATION YARD",52.412,-4.083,,Cool,Sunny
1918-04-30,"ABERYSTWYTH, CORPORATION YARD",52.412,-4.083,,Cool,Sunny
1918-05-31,"ABERYSTWYTH, CORPORATION YARD",52.412,-4.083,,Cool,Sunny
1918-06-30,"ABERYSTWYTH, CORPORATION YARD",52.412,-4.083,,Mild,Sunny
1918-07-31,"ABERYSTWYTH, CORPORATION YARD",52.412,-4.083,,Mild,Sunny
1918-08-31,"ABERYSTWYTH, CORPORATION YARD",52.412,-4.083,,Mild,Sunny
1918-09-30,"ABERYSTWYTH, CORPORATION YARD",52.412,-4.083,,Mild,Sunny
1918-10-31,"ABERYSTWYTH, CORPORATION YARD",52.412,-4.083,,Cool,Sunny
1918-11-30,"ABERYSTWYTH, CORPORATION YARD",52.412,-4.083,,Cool,Sunny
1918-12-31,"ABERYSTWYTH, CORPORATION YARD",52.412,-4.083,,Cool,Partially Overcast
1918-01-31,"COLWYN BAY, COUNCIL OFFICES",53.295,-3.73,Drizzle,Cool,Partially Overcast
1918-02-28,"COLWYN BAY, COUNCIL OFFICES",53.295,-3.73,Mild Rain,Cool,Partially Overcast
1918-03-31,"COLWYN BAY, COUNCIL OFFICES",53.295,-3.73,Dry,Cool,Sunny
1918-04-30,"COLWYN BAY, COUNCIL OFFICES",53.295,-3.73,Drizzle,Cool,Sunny
1918-05-31,"COLWYN BAY, COUNCIL OFFICES",53.295,-3.73,Mild Rain,Mild,Sunny
1918-06-30,"COLWYN BAY, COUNCIL OFFICES",53.295,-3.73,Drizzle,Mild,Sunny
1918-07-31,"COLWYN BAY, COUNCIL OFFICES",53.295,-3.73,Drizzle,Mild,Sunny
1918-08-31,"COLWYN BAY, COUNCIL OFFICES",53.295,-3.73,Drizzle,Mild,Sunny
1918-09-30,"COLWYN BAY, COUNCIL OFFICES",53.295,-3.73,Mild Rain,Cool,Sunny
1918-10-31,"COLWYN BAY, COUNCIL OFFICES",53.295,-3.73,Drizzle,Cool,Sunny
1918-11-30,"COLWYN BAY, COUNCIL OFFICES",53.295,-3.73,Drizzle,Cool,Sunny
1918-12-31,"COLWYN BAY, COUNCIL OFFICES",53.295,-3.73,Mild Rain,Cool,Partially Overcast
1918-01-31,"TORQUAY, CARY GREEN",50.461,-3.526,Mild Rain,Cool,Partially Overcast
1918-02-28,"TORQUAY, CARY GREEN",50.461,-3.526,Drizzle,Cool,Partially Overcast
1918-03-31,"TORQUAY, CARY GREEN",50.461,-3.526,Drizzle,Cool,Sunny
1918-04-30,"TORQUAY, CARY GREEN",50.461,-3.526,Drizzle,Cool,Sunny
1918-05-31,"TORQUAY, CARY GREEN",50.461,-3.526,Drizzle,Mild,Sunny
1918-06-30,"TORQUAY, CARY GREEN",50.461,-3.526,Dry,Mild,Sunny
1918-07-31,"TORQUAY, CARY GREEN",50.461,-3.526,Mild Rain,Mild,Sunny
1918-08-31,"TORQUAY, CARY GREEN",50.461,-3.526,Drizzle,Mild,Sunny
1918-09-30,"TORQUAY, CARY GREEN",50.461,-3.526,Mild Rain,Mild,Sunny
1918-10-31,"TORQUAY, CARY GREEN",50.461,-3.526,Drizzle,Cool,Sunny
1918-11-30,"TORQUAY, CARY GREEN",50.461,-3.526,Drizzle,Cool,Partially Overcast
1918-12-31,"TORQUAY, CARY GREEN",50.461,-3.526,Mild Rain,Cool,Partially Overcast
